Country,Technology,Month,Real (TWh),Model (TWh),Diff (TWh),Diff (%)
France,Nuclear,2024-07,28.581336680507,31.33919210649678,2.7578554259897814,9.649147822644313
France,Hydropower,2024-07,5.932969534866,0.007672361468027769,-5.925297173397973,-99.87068260804409
France,Wind,2024-07,2.142191695704,2.2563002840635766,0.11410858835957649,5.32672162759348
France,Solar,2024-07,3.310858225493,2.9481304488499998,-0.36272777664300015,-10.955702477685783
