Country,Technology,Month,Real (TWh),Model (TWh),Diff (TWh),Diff (%)
Portugal,Wind,2024-07,0.77,1.1952766024996078,0.42527660249960775,55.23072759735166
Portugal,Hydro,2024-07,0.53,3.3396990482901376,2.8096990482901374,530.1318959037995
Portugal,Solar,2024-07,0.93,0.9446235361812755,0.014623536181275432,1.5724232452984335
Portugal,Gas,2024-07,0.38,0.0,-0.38,-100.0
Portugal,Bioenergy,2024-07,0.27,0.0,-0.27,-100.0
