Country,Technology,Month,Real (TWh),Model (TWh),Diff (TWh),Diff (%)
Spain,Nuclear,2024-07,5.078745102,4.755270835284697,-0.3234742667153032,-6.369177035246752
Spain,Carbón,2024-07,0.213591815,0.0,-0.213591815,-100.0
Spain,Ciclo combinado,2024-07,3.253127075,2.2658941517247264,-0.9872329232752737,-30.347198265388194
Spain,Eólica,2024-07,4.230016563,3.862194664276136,-0.3678218987238644,-8.695519113121362
Spain,Solar fotovoltaica,2024-07,5.8260988209999995,5.184403920772539,-0.6416949002274608,-11.014143768287806
